Top250,MovieName,OtherName,Director,Year,Country,Type,Rating,EvaluationNum,quote
1,肖申克的救赎,月黑高飞(港)/刺激1995(台),弗兰克·德拉邦特 Frank Darabont,1994,美国,犯罪 剧情,9.7,2049503,希望让人自由。
2,霸王别姬,再见，我的妾/Farewell My Concubine,陈凯歌 Kaige Chen,1993,中国大陆 中国香港,剧情 爱情 同性,9.6,1519085,风华绝代。
3,阿甘正传,福雷斯特·冈普,罗伯特·泽米吉斯 Robert Zemeckis,1994,美国,剧情 爱情,9.5,1550216,一部美国近现代史。
4,这个杀手不太冷,杀手莱昂/终极追杀令(台),吕克·贝松 Luc Besson,1994,法国,剧情 动作 犯罪,9.4,1742090,怪蜀黍和小萝莉不得不说的故事。
5,美丽人生,一个快乐的传说(港)/Life Is Beautiful,罗伯托·贝尼尼 Roberto Benigni,1997,意大利,剧情 喜剧 爱情 战争,9.5,973441,最美的谎言。
6,泰坦尼克号,铁达尼号(港 / 台),詹姆斯·卡梅隆 James Cameron,1997,美国,剧情 爱情 灾难,9.4,1501799,失去的才是永恒的。 
7,千与千寻,神隐少女(台)/千与千寻的神隐,宫崎骏 Hayao Miyazaki,2001,日本,剧情 动画 奇幻,9.4,1607305,最好的宫崎骏，最好的久石让。 
8,辛德勒的名单,舒特拉的名单(港)/辛德勒名单,史蒂文·斯皮尔伯格 Steven Spielberg,1993,美国,剧情 历史 战争,9.5,790406,拯救一个人，就是拯救整个世界。
9,盗梦空间,潜行凶间(港)/全面启动(台),克里斯托弗·诺兰 Christopher Nolan,2010,美国 英国,剧情 科幻 悬疑 冒险,9.3,1481758,诺兰给了我们一场无法盗取的梦。
10,忠犬八公的故事,秋田犬八千(港)/忠犬小八(台),莱塞·霍尔斯道姆 Lasse Hallström,2009,美国 英国,剧情,9.4,1030087,永远都不能忘记你所爱的人。
11,海上钢琴师,声光伴我飞(港)/一九零零的传奇,朱塞佩·托纳多雷 Giuseppe Tornatore,1998,意大利,剧情 音乐,9.3,1235616,每个人都要走一条自己坚定了的路，就算是粉身碎骨。 
12,楚门的世界,真人Show(港)/真人戏,彼得·威尔 Peter Weir,1998,美国,剧情 科幻,9.3,1105692,如果再也不能见到你，祝你早安，午安，晚安。
13,三傻大闹宝莱坞,三个傻瓜(台)/作死不离3兄弟(港),拉库马·希拉尼 Rajkumar Hirani,2009,印度,剧情 喜剧 爱情 歌舞,9.2,1374420,英俊版憨豆，高情商版谢耳朵。
14,机器人总动员,太空奇兵·威E(港)/瓦力(台),安德鲁·斯坦顿 Andrew Stanton,2008,美国,科幻 动画 冒险,9.3,975703,小瓦力，大人生。
15,放牛班的春天,歌声伴我心(港)/唱诗班男孩,克里斯托夫·巴拉蒂 Christophe Barratier,2004,法国 瑞士 德国,剧情 音乐,9.3,956251,天籁一般的童声，是最接近上帝的存在。 
16,星际穿越,星际启示录(港)/星际效应(台),克里斯托弗·诺兰 Christopher Nolan,2014,美国 英国 加拿大 冰岛,剧情 科幻 冒险,9.3,1107942,爱是一种力量，让我们超越时空感知它的存在。
17,大话西游之大圣娶亲,西游记完结篇仙履奇缘/齐天大圣西游记,刘镇伟 Jeffrey Lau,1995,中国香港 中国大陆,喜剧 爱情 奇幻 古装,9.2,1085742,一生所爱。
18,熔炉,无声呐喊(港)/漩涡,黄东赫 Dong-hyuk Hwang,2011,韩国,剧情,9.3,669228,我们一路奋战不是为了改变世界，而是为了不让世界改变我们。
19,疯狂动物城,优兽大都会(港)/动物方城市(台),拜伦·霍华德 Byron Howard / 瑞奇·摩尔 Rich Moore,2016,美国,喜剧 动画 冒险,9.2,1297000,迪士尼给我们营造的乌托邦就是这样，永远善良勇敢，永远出乎意料。
20,无间道,Infernal Affairs/Mou gaan dou,刘伟强 / 麦兆辉,2002,中国香港,剧情 犯罪 悬疑,9.2,885364,香港电影史上永不过时的杰作。
21,龙猫,邻居托托罗/邻家的豆豆龙,宫崎骏 Hayao Miyazaki,1988,日本,动画 奇幻 冒险,9.2,918756,人人心中都有个龙猫，童年就永远不会消失。
22,教父,Mario Puzo's The Godfather,弗朗西斯·福特·科波拉 Francis Ford Coppola,1972,美国,剧情 犯罪,9.3,671670,千万不要记恨你的对手，这样会让你失去理智。
23,当幸福来敲门,寻找快乐的故事(港)/追求快乐,加布里尔·穆奇诺 Gabriele Muccino,2006,美国,剧情 传记 家庭,9.1,1097937,平民励志片。 
24,怦然心动,萌动青春/青春萌动,罗伯·莱纳 Rob Reiner,2010,美国,剧情 喜剧 爱情,9.1,1279868,真正的幸福是来自内心深处。
25,触不可及,闪亮人生(港)/逆转人生(台),奥利维·那卡什 Olivier Nakache / 艾力克·托兰达 Eric Toledano,2011,法国,剧情 喜剧,9.2,718076,满满温情的高雅喜剧。
26,蝙蝠侠：黑暗骑士,蝙蝠侠前传2：黑暗骑士/黑暗骑士(台),克里斯托弗·诺兰 Christopher Nolan,2008,美国 英国,剧情 动作 科幻 犯罪 惊悚,9.2,739669,无尽的黑暗。
27,控方证人,雄才伟略/情妇,比利·怀尔德 Billy Wilder,1957,美国,剧情 犯罪 悬疑,9.6,289489,比利·怀德满分作品。
28,活着,人生/Lifetimes,张艺谋 Yimou Zhang,1994,中国大陆 中国香港,剧情 历史 家庭,9.2,575310,张艺谋最好的电影。
29,乱世佳人,飘,维克多·弗莱明 Victor Fleming / 乔治·库克 George Cukor,1939,美国,剧情 历史 爱情 战争,9.3,493120,Tomorrow is another day.
30,寻梦环游记,可可夜总会(台)/玩转极乐园(港),李·昂克里奇 Lee Unkrich / 阿德里安·莫利纳 Adrian Molina,2017,美国,喜剧 动画 奇幻 音乐,9.1,1081634,死亡不是真的逝去，遗忘才是永恒的消亡。
31,末代皇帝,末代皇帝溥仪(港),贝纳尔多·贝托鲁奇 Bernardo Bertolucci,1987,英国 意大利 中国大陆 法国,剧情 传记 历史,9.2,522570,“不要跟我比惨，我比你更惨”再适合这部电影不过了。
32,摔跤吧！爸爸,我和我的冠军女儿(台)/打死不离3父女(港),涅提·蒂瓦里 Nitesh Tiwari,2016,印度,剧情 传记 运动 家庭,9.0,1125671,你不是在为你一个人战斗，你要让千千万万的女性看到女生并不是只能相夫教子。
33,指环王3：王者无敌,魔戒三部曲：王者再临(台 / 港) ,彼得·杰克逊 Peter Jackson,2003,美国 新西兰,剧情 动作 奇幻 冒险,9.2,544773,史诗的终章。
34,何以为家,迦百农/星仔打官司(港),娜丁·拉巴基 Nadine Labaki,2018,黎巴嫩 法国 美国,剧情,9.1,664130,凝视卑弱生命，用电影改变命运。
35,少年派的奇幻漂流,少年Pi的奇幻漂流/漂流少年Pi,李安 Ang Lee,2012,美国 中国台湾 英国 加拿大,剧情 奇幻 冒险,9.1,1032311,瑰丽壮观、无人能及的冒险之旅。
36,飞屋环游记,冲天救兵(港)/天外奇迹(台),彼特·道格特 Pete Docter / 鲍勃·彼德森 Bob Peterson,2009,美国,剧情 喜剧 动画 冒险,9.0,964545,最后那些最无聊的事情，才是最值得怀念的。 
37,十二怒汉,12怒汉/十二怒汉,Sidney Lumet,1957,美国,剧情,9.4,327821,1957年的理想主义。 
38,鬼子来了,Devils on the Doorstep,姜文 Wen Jiang,2000,中国大陆,剧情 喜剧,9.2,444571,对敌人的仁慈，就是对自己残忍。
39,天空之城,Tenkû no shiro Rapyuta/Laputa: Castle in the Sky,宫崎骏 Hayao Miyazaki,1986,日本,动画 奇幻 冒险,9.1,612130,对天空的追逐，永不停止。 
40,素媛,许愿/希望：为爱重生(台),李濬益 Jun-ik Lee,2013,韩国,剧情,9.2,448662,受过伤害的人总是笑得最开心，因为他们不愿意让身边的人承受一样的痛苦。
41,哈尔的移动城堡,哈尔移动城堡(港)/呼啸山城,宫崎骏 Hayao Miyazaki,2004,日本,动画 奇幻 冒险,9.1,704598,带着心爱的人在天空飞翔。
42,大话西游之月光宝盒,西游记101回月光宝盒/齐天大圣东游记,刘镇伟 Jeffrey Lau,1995,中国香港 中国大陆,喜剧 爱情 奇幻 古装,9.0,869711,旷古烁今。
43,天堂电影院,星光伴我心(港)/新天堂乐园(台),朱塞佩·托纳多雷 Giuseppe Tornatore,1988,意大利 法国,剧情 爱情,9.2,477948,那些吻戏，那些青春，都在影院的黑暗里被泪水冲刷得无比清晰。
44,罗马假日,金枝玉叶(港)/罗马假期(台),威廉·惠勒 William Wyler,1953,美国,喜剧 剧情 爱情,9.0,706741,爱情哪怕只有一天。
45,闻香识女人,女人香/女人的芳香,马丁·布莱斯 Martin Brest,1992,美国,剧情,9.1,615051,史上最美的探戈。
46,辩护人,逆权大状(港)/正义辩护人(台),杨宇硕 Woo-seok Yang,2013,韩国,剧情,9.2,440612,电影的现实意义大过电影本身。
47,哈利·波特与魔法石,哈利波特1：神秘的魔法石(港 / 台) ,Chris Columbus,2001,美国 英国,奇幻 冒险,9.0,672165,童话世界的开端。
48,我不是药神,中国药神/印度药神,文牧野 Muye Wen,2018,中国大陆,剧情 喜剧,9.0,1506257,对我们国家而言，这样的电影多一部是一部。
49,搏击俱乐部,搏击会(港)/斗阵俱乐部(台),大卫·芬奇 David Fincher,1999,美国 德国,剧情 动作 悬疑 惊悚,9.0,635019,邪恶与平庸蛰伏于同一个母体，在特定的时间互相对峙。
50,死亡诗社,暴雨骄阳(港)/春风化雨(台),彼得·威尔 Peter Weir,1989,美国,剧情,9.1,502361,当一个死水般的体制内出现一个活跃的变数时，所有的腐臭都站在了光明的对面。
51,教父2,教父续集(港)/教父II,弗朗西斯·福特·科波拉 Francis Ford Coppola,1974,美国,剧情 犯罪,9.2,371853,优雅的孤独。
52,指环王2：双塔奇兵,魔戒二部曲：双城奇谋/指环王II：双塔,彼得·杰克逊 Peter Jackson,2002,美国 新西兰,剧情 动作 奇幻 冒险,9.1,497451,承前启后的史诗篇章。
53,狮子王,狮子王3D,Roger Allers / 罗伯·明可夫 Rob Minkoff,1994,美国,动画 冒险 歌舞,9.0,577670,动物版《哈姆雷特》。
54,大闹天宫,大闹天宫 上下集/The Monkey King,万籁鸣 Laiming Wan / 唐澄 Cheng  Tang,1961(中国大陆) / 1964(中国大陆) / 1978(中国大陆) / 2004(中国大陆),中国大陆,动画 奇幻,9.3,276736,经典之作，历久弥新。
55,窃听风暴,窃听者(港)/他人的生活,弗洛里安·亨克尔·冯·多纳斯马尔克 Florian Henckel von Donnersmarck  &n...,2006,德国,剧情 悬疑,9.1,413141,别样人生。
56,猫鼠游戏,逍遥法外/神鬼交锋(台),史蒂文·斯皮尔伯格 Steven Spielberg,2002,美国 加拿大,传记 犯罪 剧情,9.0,577556,骗子大师和执著警探的你追我跑故事。 
57,指环王1：魔戒再现,魔戒首部曲：魔戒现身/指环王I：护戒使者,彼得·杰克逊 Peter Jackson,2001,新西兰 美国,剧情 动作 奇幻 冒险,9.0,559783,传说的开始。
58,两杆大烟枪,够姜四小强(港)/两根枪管(台),Guy Ritchie,1998,英国,剧情 喜剧 犯罪,9.1,441283,4个臭皮匠顶个诸葛亮，盖·里奇果然不是盖的。
59,美丽心灵,有你终生美丽(港)/美丽境界(台),朗·霍华德 Ron Howard,2001,美国,传记 剧情,9.0,544941,爱是一切逻辑和原由。
60,钢琴家,钢琴战曲(港)/战地琴人(台),罗曼·波兰斯基 Roman Polanski,2002,法国 德国 英国 波兰,剧情 传记 历史 战争 音乐,9.2,373594,音乐能化解仇恨。
61,饮食男女,Eat Drink Man Woman,李安 Ang Lee,1994,中国台湾 美国,剧情 家庭,9.1,408336,人生不能像做菜，把所有的料都准备好了才下锅。
62,黑客帝国,22世纪杀人网络(港)/廿二世纪杀人网络(港),安迪·沃卓斯基 Andy Wachowski / 拉娜·沃卓斯基 Lana Wachowski,1999,美国 澳大利亚,动作 科幻,9.0,560366,视觉革命。
63,飞越疯人院,飞越杜鹃窝(台)/飞越喜鹊巢,米洛斯·福尔曼 Miloš Forman,1975,美国,剧情,9.1,432934,自由万岁。
64,V字仇杀队,V煞(港)/V怪客(台),詹姆斯·麦克特格 James McTeigue,2005,美国 英国 德国,剧情 动作 科幻 惊悚,8.9,763716,一张面具背后的理想与革命。
65,本杰明·巴顿奇事,奇幻逆缘(港)/班杰明的奇幻旅程(台),大卫·芬奇 David Fincher,2008,美国,剧情 爱情 奇幻,8.9,711628,在时间之河里感受溺水之苦。
66,让子弹飞,让子弹飞一会儿/火烧云,姜文 Wen Jiang,2010,中国大陆 中国香港,剧情 喜剧 动作 西部,8.8,1157874,你给我翻译翻译，神马叫做TMD的惊喜。
67,看不见的客人,死无对证(港)/布局(台),奥里奥尔·保罗 Oriol Paulo,2016,西班牙,剧情 犯罪 悬疑 惊悚,8.8,838950,你以为你以为的就是你以为的。
68,西西里的美丽传说,真爱伴我行(台)/玛莲娜,朱塞佩·托纳多雷 Giuseppe Tornatore,2000,意大利 美国,剧情 战争 情色,8.9,699921,美丽无罪。
69,小鞋子,天堂的孩子/小童鞋,马基德·马基迪 Majid Majidi,1997,伊朗,剧情 儿童 家庭,9.2,287377,奔跑的孩子是天使。
70,拯救大兵瑞恩,雷霆救兵(港)/抢救雷恩大兵(台),史蒂文·斯皮尔伯格 Steven Spielberg,1998,美国,剧情 历史 战争,9.0,460601,美利坚精神输出大片No1.
71,绿皮书,绿簿旅友(港)/幸福绿皮书(台),彼得·法雷里 Peter Farrelly,2018,美国,剧情 喜剧 传记,8.9,1087475,去除成见，需要勇气。
72,海豚湾,血色海湾(台)/海湾,路易·西霍尤斯 Louie Psihoyos,2009,美国,纪录片,9.3,286216,海豚的微笑，是世界上最高明的伪装。
73,情书,When I Close My Eyes/Letters of Love,岩井俊二 Shunji Iwai,1995,日本,剧情 爱情,8.9,653044,暗恋的极致。
74,穿条纹睡衣的男孩,穿条纹衣服的男孩/穿条纹衣的男孩,马克·赫尔曼 Mark Herman,2008,英国 美国,剧情 战争,9.1,355663,尽管有些不切实际的幻想，这部电影依旧是一部感人肺腑的佳作。
75,音乐之声,仙乐飘飘处处闻(港)/真善美(台),罗伯特·怀斯 Robert Wise,1965,美国,剧情 传记 爱情 歌舞,9.0,428062,用音乐化解仇恨，让歌声串起美好。
76,海蒂和爷爷,飘零燕(港)/海蒂,阿兰·葛斯彭纳 Alain Gsponer,2015,德国 瑞士 南非,剧情 冒险 家庭,9.2,277464,如果生活中有什么使你感到快乐，那就去做吧！不要管别人说什么。
77,美国往事,四海兄弟(台)/义薄云天(港),赛尔乔·莱翁内 Sergio Leone,1984,美国 意大利,犯罪 剧情,9.2,302086,往事如烟，无处祭奠。
78,致命魔术,顶尖对决(台)/死亡魔法(港),克里斯托弗·诺兰 Christopher Nolan,2006,英国 美国,剧情 悬疑 惊悚,8.9,610007,孪生蝙蝠侠大战克隆金刚狼。
79,低俗小说,危险人物(港)/黑色追缉令(台),昆汀·塔伦蒂诺 Quentin Tarantino,1994,美国,剧情 喜剧 犯罪,8.8,602263,故事的高级讲法。
80,七宗罪,火线追缉令(台)/7宗罪,大卫·芬奇 David Fincher,1995,美国,剧情 犯罪 悬疑 惊悚,8.8,705429,警察抓小偷，老鼠玩死猫。
81,沉默的羔羊,沉默的羔羊,乔纳森·戴米 Jonathan Demme,1991,美国,剧情 犯罪 惊悚,8.8,603354,安东尼·霍普金斯的顶级表演。
82,蝴蝶效应,蝴蝶效应,埃里克·布雷斯 Eric Bress / J·麦基·格鲁伯 J. Mackye Gruber,2004,美国 加拿大,剧情 悬疑 科幻 惊悚,8.8,669783,人的命运被自己瞬间的抉择改变。
83,禁闭岛,不赦岛(港)/隔离岛(台),Martin Scorsese,2010,美国,剧情 悬疑 惊悚,8.8,672592,昔日翩翩少年，今日大腹便便。
84,春光乍泄,一起快乐/Happy Together,王家卫 Kar Wai Wong,1997,中国香港 日本 韩国,剧情 爱情 同性,8.9,452587,爱情纠缠，男女一致。
85,心灵捕手,骄阳似我(港)/心灵捕手,格斯·范·桑特 Gus Van Sant,1997,美国,剧情,8.9,500382,人生中应该拥有这样的一段豁然开朗。
86,布达佩斯大饭店,布达佩斯大酒店(港)/欢迎来到布达佩斯大饭店(台),韦斯·安德森 Wes Anderson,2014,美国 德国 英国,剧情 喜剧 冒险,8.8,634996,小清新的故事里注入了大历史的情怀。
87,被嫌弃的松子的一生,花样奇缘(港)/令人讨厌的松子的一生(台),中岛哲也 Tetsuya Nakashima,2006,日本,剧情 歌舞,8.9,540022,以戏谑来戏谑戏谑。
88,阿凡达,天神下凡(港)/化身,詹姆斯·卡梅隆 James Cameron,2009,美国 英国,动作 科幻 冒险,8.7,956794,绝对意义上的美轮美奂。
89,摩登时代,The Masses/Les Temps modernes,查理·卓别林 Charles Chaplin,1936,美国,剧情 喜剧 爱情,9.3,200046,大时代中的人生，小人物的悲喜。
90,剪刀手爱德华,幻海奇缘(港)/剪刀手爱德华,蒂姆·波顿 Tim Burton,1990,美国,剧情 奇幻 爱情,8.7,809241,浪漫忧郁的成人童话。
91,勇敢的心,惊世未了缘(港)/梅尔吉勃逊之英雄本色(台),梅尔·吉布森 Mel Gibson,1995,美国,动作 传记 剧情 历史 战争,8.9,446415,史诗大片的典范。
92,天使爱美丽,艾蜜莉的异想世界(台)/天使艾米莉,让-皮埃尔·热内 Jean-Pierre Jeunet,2001,法国 德国,喜剧 爱情,8.7,773018,法式小清新。 
93,喜剧之王,King of Comedy,周星驰 Stephen Chow / 李力持 Lik-Chi Lee,1999,中国香港,喜剧 剧情 爱情,8.7,673405,我是一个演员。
94,致命ID,杀人游戏/致命身份,詹姆斯·曼高德 James Mangold,2003,美国,剧情 悬疑 惊悚,8.8,565794,最不可能的那个人永远是最可能的。
95,加勒比海盗,加勒比海盗1：黑珍珠号的诅咒/神鬼奇航：鬼盗船魔咒(台),戈尔·维宾斯基 Gore Verbinski,2003,美国,动作 冒险 奇幻,8.7,635839,约翰尼·德普的独角戏。
96,断背山,断臂山/BBM,李安 Ang Lee,2005,美国 加拿大,剧情 爱情 同性 家庭,8.8,537801,每个人心中都有一座断背山。
97,杀人回忆,谋杀回忆/杀手回忆录,奉俊昊 Joon-ho Bong,2003,韩国,剧情 动作 犯罪 悬疑 惊悚,8.8,467817,关于连环杀人悬案的集体回忆。
98,哈利·波特与死亡圣器(下),哈利波特7：死神的圣物2(港 / 台) ,大卫·叶茨 David Yates,2011,美国 英国,奇幻 冒险,8.8,536247,10年的完美句点。
99,狩猎,谎言的烙印(台)/诬网(港),托马斯·温特伯格 Thomas Vinterberg,2012,丹麦 瑞典,剧情,9.1,255038,人言可畏。
100,请以你的名字呼唤我,以你的名字呼唤我(港 / 台) ,卢卡·瓜达尼诺 Luca Guadagnino,2017,意大利 法国 巴西 美国 荷兰 德国,剧情 爱情 同性,8.9,454506,沉醉在电影的情感和视听氛围中无法自拔。
101,幽灵公主,魔法公主(台)/幽灵少女,宫崎骏 Hayao Miyazaki,1997,日本,动画 奇幻 冒险,8.9,395077,人与自然的战争史诗。
102,阳光灿烂的日子,In the Heat of the Sun,姜文 Wen Jiang,1994,中国大陆 中国香港,剧情 爱情,8.8,454329,一场华丽的意淫。
103,小森林 夏秋篇,小森食光 / 夏秋篇(台) ,森淳一 Junichi Mori,2014,日本,剧情,9.0,300920,那些静得只能听见呼吸的日子里，你明白孤独即生活。
104,重庆森林,Chungking Express,王家卫 Kar Wai Wong,1994,中国香港,剧情 爱情,8.7,573744,寂寞没有期限。
105,入殓师,礼仪师之奏鸣曲(港)/礼仪师(台),泷田洋二郎 Yôjirô Takita,2008,日本,剧情,8.8,450386,死可能是一道门，逝去并不是终结，而是超越，走向下一程。
106,第六感,鬼眼(港)/灵异第六感(台),M·奈特·沙马兰 M. Night Shyamalan,1999,美国,剧情 悬疑 惊悚,8.9,391481,深入内心的恐怖，出人意料的结局。
107,7号房的礼物,戆爸的礼物(港)/7号囚房的礼物,李焕庆 Hwan-kyeong Lee,2013,韩国,剧情 喜剧 家庭,8.9,371841,《我是山姆》的《美丽人生》。
108,消失的爱人,失踪的女孩/失踪女孩,大卫·芬奇 David Fincher,2014,美国,剧情 犯罪 悬疑 惊悚,8.7,644168,年度最佳date movie。
109,红辣椒,盗梦侦探(港)/帕布莉卡,今敏 Satoshi Kon,2006,日本,动画 悬疑 科幻 惊悚,9.0,278396,梦的勾结。
110,小森林 冬春篇,小森食光 / 冬春篇(台) ,森淳一 Junichi Mori,2015,日本,剧情,9.0,265416,尊敬他人，尊敬你生活的这片土地，明白孤独是人生的常态。
111,爱在黎明破晓前,情留半天(港)/爱在黎明破晓时(台),理查德·林克莱特 Richard Linklater,1995,美国 奥地利 瑞士,剧情 爱情,8.8,426421,缘分是个连绵词，最美不过一瞬。
112,一一,Yi yi/Yi yi: A One and a Two,杨德昌 Edward Yang,2000,中国台湾 日本,剧情 爱情 家庭,9.0,254138,我们都曾经是一一。
113,侧耳倾听,心之谷(台)/梦幻街少女(港),近藤喜文 Yoshifumi Kondo,1995,日本,剧情 爱情 动画,8.9,328299,少女情怀总是诗。
114,唐伯虎点秋香,Flirting Scholar,李力持 Lik-Chi Lee,1993,中国香港,喜剧 爱情 古装,8.6,729550,华太师是黄霑，吴镇宇四大才子之一。
115,超脱,人间师格(台),托尼·凯耶 Tony Kaye,2011,美国,剧情,8.9,333941,穷尽一生，我们要学会的，不过是彼此拥抱。
116,玛丽和马克思,巧克力情缘(台)/同是天涯寂寞客,亚当·艾略特 Adam Elliot,2009,澳大利亚,剧情 喜剧 动画,8.9,332844,你是我最好的朋友，你是我唯一的朋友 。
117,倩女幽魂,倩女幽魂(87版)/倩女幽魂：妖魔道,程小东 Siu-Tung Ching,1987,中国香港,爱情 奇幻 武侠 古装,8.7,517144,两张绝世的脸。 
118,蝙蝠侠：黑暗骑士崛起,蝙蝠侠前传3：黑暗骑士崛起/黑暗骑士：黎明升起(台),克里斯托弗·诺兰 Christopher Nolan,2012,美国 英国,剧情 动作 科幻 犯罪 惊悚,8.8,512451,诺兰就是保证。
119,告白,自白/母亲,中岛哲也 Tetsuya Nakashima,2010,日本,剧情 惊悚,8.7,538035,没有一人完全善，也没有一人完全恶。
120,大鱼,大鱼奇缘(港)/大智若鱼(台),蒂姆·波顿 Tim Burton,2003,美国,剧情 家庭 奇幻 冒险,8.8,423053,抱着梦想而活着的人是幸福的，怀抱梦想而死去的人是不朽的。
121,阳光姐妹淘,阳光姊妹淘(港)/桑尼,姜炯哲 Hyeong-Cheol Kang,2011,韩国,剧情 喜剧,8.8,458490,再多各自牛逼的时光，也比不上一起傻逼的岁月。 
122,甜蜜蜜,Comrades: Almost a Love Story,陈可辛 Peter Chan,1996,中国香港,剧情 爱情,8.8,374290,相逢只要一瞬间，等待却像是一辈子。
123,萤火之森,萤火之社/Hotarubi no mori e,大森贵弘 Takahiro Omori,2011,日本,剧情 爱情 动画 奇幻,8.9,354528,触不到的恋人。
124,射雕英雄传之东成西就,东成西就/大英雄 (日本),刘镇伟 Jeffrey Lau,1993,中国香港,喜剧 奇幻 武侠 古装,8.7,470812,百看不厌。 
125,无人知晓,谁知赤子心(港)/无人知晓的夏日清晨(台),是枝裕和 Hirokazu Koreeda,2004,日本,剧情,9.1,195032,我的平常生活就是他人的幸福。
126,驯龙高手,驯龙记(港),迪恩·德布洛斯 Dean DeBlois / 克里斯·桑德斯 Chris Sanders,2010,美国,动画 奇幻 冒险,8.7,547983,和谐的生活离不开摸头与被摸头。
127,超能陆战队,大英雄联盟(港)/大英雄天团(台),唐·霍尔 Don Hall / 克里斯·威廉姆斯 Chris Williams,2014,美国,喜剧 动作 科幻 动画 冒险,8.7,709094,Balalala~~~
128,幸福终点站,机场客运站(港)/航站情缘(台),史蒂文·斯皮尔伯格 Steven Spielberg,2004,美国,喜剧 剧情 爱情,8.8,389429,有时候幸福需要等一等。 
129,借东西的小人阿莉埃蒂,借物少女艾莉缇(台)/借东西的小矮人亚莉亚蒂(港),米林宏昌 Hiromasa Yonebayashi,2010,日本,动画 奇幻 冒险,8.8,387903,曾经的那段美好会沉淀为一辈子的记忆。
130,菊次郎的夏天,菊次郎之夏/Kikujirô no natsu,北野武 Takeshi Kitano,1999,日本,剧情 喜剧,8.8,367846,从没见过那么流氓的温柔，从没见过那么温柔的流氓。
131,爱在日落黄昏时,日落巴黎(港)/爱在日落巴黎时(台),理查德·林克莱特 Richard Linklater,2004,美国 法国,剧情 爱情,8.8,361817,九年后的重逢是世俗和责任的交叠，没了悸动和青涩，沧桑而温暖。
132,恐怖直播,死亡“动”新闻(港)/恐怖攻击直播(台),金秉祐 Byeong-woo Kim,2013,韩国,剧情 犯罪 悬疑,8.8,452412,恐怖分子的“秋菊打官司”。
133,完美的世界,强盗保镳,克林特·伊斯特伍德 Clint Eastwood,1993,美国,剧情 犯罪,9.1,182514,坏人的好总是比好人的好来得更感人。
134,神偷奶爸,卑鄙的我/坏蛋奖门人(港),皮艾尔·柯芬 Pierre Coffin / 克里斯·雷纳德 Chris Renaud,2010,美国 法国,喜剧 动画 冒险,8.6,706655,Mr. I Don't Care其实也有Care的时候。
135,怪兽电力公司,怪兽公司(港)/怪物公司,彼特·道格特 Pete Docter / 大卫·斯沃曼 David Silverman,2001,美国,儿童 喜剧 动画 奇幻 冒险,8.7,462388,不要给它起名字，起了名字就有感情了。
136,功夫,功夫3D/Kung Fu Hustle,周星驰 Stephen Chow,2004,中国大陆 中国香港,动作 喜剧 犯罪 奇幻,8.6,677587,警恶惩奸，维护世界和平这个任务就交给你了，好吗？
137,玩具总动员3,反斗奇兵3(港)/玩具的故事3,李·昂克里奇 Lee Unkrich,2010,美国,喜剧 动画 奇幻 冒险,8.8,358691,跨度十五年的欢乐与泪水。
138,人生果实,积存时间的生活(台)/人生水果,伏原健之 Kenshi Fushihara,2017,日本,纪录片,9.5,96534,土壤没有落叶不会肥沃，没有了你就不算人生。
139,血战钢锯岭,钢锯岭/钢铁英雄(台),梅尔·吉布森 Mel Gibson,2016,美国 澳大利亚,剧情 传记 历史 战争,8.7,579982,优秀的战争片不会美化战场，不会粉饰死亡，不会矮化敌人，不会无视常识，最重要的，不会宣扬战争。
140,傲慢与偏见,傲慢与偏见2005/Pride And Prejudice,乔·怀特 Joe Wright,2005,法国 英国 美国,剧情 爱情,8.6,549228,爱是摈弃傲慢与偏见之后的曙光。
141,风之谷,风谷少女/Kaze no tani no Naushika,宫崎骏 Hayao Miyazaki,1984,日本,动画 奇幻 冒险,8.9,281855,动画片的圣经。
142,时空恋旅人,时空旅恋人/回到最爱的一天(港),理查德·柯蒂斯 Richard Curtis,2013,英国,喜剧 爱情 奇幻,8.7,395434,把每天当作最后一天般珍惜度过，积极拥抱生活，就是幸福。
143,天书奇谭,The Legend of Sealed Book/Secrets of the Heavenly Book,王树忱 Shuchen Wang / 钱运达 Yunda Qian,1983(中国大陆),中国大陆,动画 奇幻,9.2,148064,传奇的年代，醉人的童话。
144,教父3,教父第三集/教父 III,弗朗西斯·福特·科波拉 Francis Ford Coppola,1990,美国,剧情 犯罪,8.9,247781,任何信念的力量，都无法改变命运。
145,上帝之城,无主之城 (港)/无法无天 (台),费尔南多·梅里尔斯 Fernando Meirelles / 卡迪亚·兰德 Kátia Lund  &nbsp...,2002,巴西 法国,犯罪 剧情,8.9,231052,被上帝抛弃了的上帝之城。
146,电锯惊魂,夺魂锯(台)/恐惧斗室(港),詹姆斯·温 James Wan,2004,美国,悬疑 惊悚 恐怖,8.7,358463,真相就在眼前。
147,喜宴,The Wedding Banquet,李安 Ang Lee,1993,中国台湾 美国,剧情 喜剧 爱情 同性 家庭,8.9,241293,中国家庭的喜怒哀乐忍。
148,被解救的姜戈,被解放的姜戈/决杀令(台),昆汀·塔伦蒂诺 Quentin Tarantino,2012,美国,剧情 动作 西部 冒险,8.7,439229,热血沸腾，那个低俗、性感的无耻混蛋又来了。
149,英雄本色,A Better Tomorrow/Gangland Boss,吴宇森 John Woo,1986,中国香港,剧情 动作 犯罪,8.7,360649,英雄泪短，兄弟情长。 
150,谍影重重3,叛谍追击3：最后通牒(港)/神鬼认证：最后通牒 (台),保罗·格林格拉斯 Paul Greengrass,2007,美国 德国,动作 悬疑 惊悚,8.8,309481,像吃了苏打饼一样干脆的电影。
151,七武士,七侠四义(港)/七剑客(港),黑泽明 Akira Kurosawa,1954,日本,动作 冒险 剧情,9.2,134824,时代悲歌。
152,哪吒闹海,Prince Nezha's Triumph Against Dragon King/Nezha nao hai,严定宪 Dingxian Yan / 王树忱 Shuchen Wang,1979,中国大陆,冒险 动画 奇幻,9.1,175950,想你时你在闹海。
153,岁月神偷,1969太空漫游/Echoes Of The Rainbow,罗启锐 Alex Law,2010,中国香港 中国大陆,剧情 家庭,8.7,459930,岁月流逝，来日可追。
154,我是山姆,不一样的爸爸(港)/他不笨，他是我爸爸(台),杰茜·尼尔森 Jessie Nelson,2001,美国,剧情 家庭,8.9,216460,爱并不需要智商 。
155,釜山行,尸杀列车(港)/尸速列车(台),延尚昊 Sang-ho Yeon,2016,韩国,动作 惊悚 灾难,8.5,806785,揭露人性的丧尸题材力作。
156,头号玩家,玩家一号/挑战者1号(港),史蒂文·斯皮尔伯格 Steven Spielberg,2018,美国,动作 科幻 冒险,8.7,1017771,写给影迷，动漫迷和游戏迷的一封情书。
157,纵横四海,Once a Thief,吴宇森 John Woo,1991,中国香港,剧情 喜剧 动作 犯罪,8.8,291237,香港浪漫主义警匪动作片的巅峰之作。
158,疯狂原始人,古鲁家族(港 / 台) ,科克·德·米科 Kirk De Micco / 克里斯·桑德斯 Chris Sanders,2013,美国,喜剧 动画 冒险,8.7,622174,老少皆宜，这就是好莱坞动画的魅力。
159,三块广告牌,意外(台)/广告牌杀人事件(港),马丁·麦克唐纳 Martin McDonagh,2017,美国 英国,剧情 犯罪,8.7,607919,怼天怼地，你走后，她与世界为敌。
160,心迷宫,殡棺/The Coffin in the Mountain,忻钰坤 Yukun Xin,2014,中国大陆,剧情 犯罪 悬疑,8.7,351963,荒诞讽刺，千奇百巧，抽丝剥茧，百转千回。
161,哈利·波特与阿兹卡班的囚徒,哈利波特3：阿兹卡班的逃犯(港 / 台) ,Alfonso Cuarón,2004,英国 美国,奇幻 冒险,8.7,397984,不一样的导演，不一样的哈利·波特。
162,达拉斯买家俱乐部,续命枭雄(港)/药命俱乐部(台),让-马克·瓦雷 Jean-Marc Vallée,2013,美国,剧情 传记 同性,8.8,325264,Jared Leto的腿比女人还美！
163,萤火虫之墓,再见萤火虫(港)/萤火挽歌,高畑勋 Isao Takahata,1988,日本,动画 剧情 战争,8.7,321622,幸福是生生不息，却难以触及的远。 
164,荒蛮故事,蛮荒故事/生命中最抓狂的小事(台),达米安·斯兹弗隆 Damián Szifron,2014,阿根廷 西班牙,剧情 喜剧 犯罪,8.8,300595,始于荒诞，止于更荒诞。
165,真爱至上,爱是您，爱是我(台)/真的恋爱了(港),理查德·柯蒂斯 Richard Curtis,2003,英国 美国 法国,喜剧 剧情 爱情,8.6,525306,爱，是个动词。
166,卢旺达饭店,卢安达饭店(台),特瑞·乔治 Terry George,2004,英国 南非 意大利,剧情 历史 战争,8.9,211430,当这个世界闭上双眼，他却敞开了怀抱。
167,贫民窟的百万富翁,一百万零一夜(港)/贫民百万富翁(台),丹尼·鲍尔 Danny Boyle / 洛芙琳·坦丹 Loveleen Tandan,2008,英国 美国,剧情 爱情,8.6,574546,上帝之城+猜火车+阿甘正传+开心辞典=山寨富翁
168,东邪西毒,Ashes of Time,王家卫 Kar Wai Wong,1994,中国香港 中国台湾,剧情 动作 爱情 武侠 古装,8.6,437108,电影诗。
169,你的名字。,你的名字/君之名,新海诚 Makoto Shinkai,2016,日本,剧情 爱情 动画,8.4,987926,穿越错位的时空，仰望陨落的星辰，你没留下你的名字，我却无法忘记那句“我爱你”。
170,记忆碎片,凶心人(港)/记忆拼图(台),克里斯托弗·诺兰 Christopher Nolan,2000,美国,犯罪 剧情 悬疑 惊悚,8.6,441970,一个针管引发的血案。
171,爆裂鼓手,鼓动真我(港)/进击的鼓手(台),达米恩·查泽雷 Damien Chazelle,2014,美国,剧情 音乐,8.7,399060,这个世界从不善待努力的人，努力了也不一定会成功，但是知道自己在努力，就是活下去的动力。
172,花样年华,In the Mood for Love,王家卫 Kar Wai Wong,2000,中国香港,剧情 爱情,8.7,408699,偷情本没有这样美。
173,黑天鹅,夺命黑天鹅/霸王别鹅(豆友译名),达伦·阿罗诺夫斯基 Darren Aronofsky,2010,美国,剧情 惊悚,8.6,635511,黑暗之美。
174,一个叫欧维的男人决定去死,明天别再来敲门(台)/想死冇咁易(港),汉内斯·赫尔姆 Hannes Holm,2015,瑞典,剧情,8.8,264666,惠及一生的美丽。
175,忠犬八公物语,八千公物语/阿八的故事,Seijirô Kôyama,1987,日本,剧情,9.2,132735,养狗三日，便会对你终其一生。
176,黑客帝国3：矩阵革命,22世纪杀人网络3：惊变世纪(港)/廿二世纪杀人网络3：惊变世纪,Andy Wachowski / Larry Wachowski,2003,美国 澳大利亚,动作 科幻,8.7,299589,不得不说，《黑客帝国》系列是商业片与科幻、哲学完美结合的典范。
177,模仿游戏,解码游戏(港)/模拟游戏,莫滕·泰杜姆 Morten Tyldum,2014,英国 美国,剧情 传记 战争 同性,8.7,435311,他给机器起名“克里斯托弗”，因为这是他初恋的名字。
178,哈利·波特与密室,哈利波特2：消失的密室(港 / 台) ,Chris Columbus,2002,美国 英国 德国,奇幻 冒险,8.6,416880,魔法的密室之门已打开...
179,头脑特工队,玩转脑朋友(港)/脑筋急转弯(台),彼特·道格特 Pete Docter / 罗纳尔多·德尔·卡门 Ronaldo Del Carmen  &nb...,2015,美国,喜剧 动画 冒险,8.7,419890,愿我们都不用长大，每一座城堡都能永远存在。
180,你看起来好像很好吃,你看起来很好吃(台)/你看上去好像很好吃,藤森雅也 Masaya Fujimori,2010,日本,剧情 动画 儿童,8.9,248523,感情不分食草或者食肉。
181,未麻的部屋,蓝色恐惧(台)/蓝色的恐惧,今敏 Satoshi Kon,1997,日本,动画 奇幻 惊悚,8.9,188654,好的剧本是，就算你猜到了结局也猜不到全部。
182,雨人,手足情未了(港)/手足情深,巴瑞·莱文森 Barry Levinson,1988,美国,剧情,8.7,309377,生活在自己的世界里，也可以让周围的人显得可笑和渺小。
183,新世界,暗黑新世界(台)/New World,朴勋政 Hoon-jung Park,2013,韩国,剧情 犯罪,8.8,235237,要做就做得狠一点，这样才能活下去。
184,无敌破坏王,破坏王拉尔夫/破坏王大冒险,瑞奇·莫尔 Rich Moore,2012,美国,喜剧 动画 奇幻 冒险,8.7,382938,迪士尼和皮克斯拿错剧本的产物。
185,海街日记,海街女孩日记(港)/Kamakura Diary,是枝裕和 Hirokazu Koreeda,2015,日本,剧情 家庭,8.8,283513,是枝裕和的家庭习作。
186,冰川时代,冰河世纪/冰原历险记,卡洛斯·沙尔丹哈 Carlos Saldanha / 克里斯·韦奇 Chris Wedge,2002,美国,喜剧 动画 冒险,8.6,459025,松鼠才是角儿。
187,恋恋笔记本,忘了·忘不了(港)/手札情缘(台),尼克·卡索维茨 Nick Cassavetes,2004,美国,剧情 爱情,8.5,477377,爱情没有那么多借口，如果不能圆满，只能说明爱的不够。 
188,惊魂记,精神病患者/触目惊心(港),阿尔弗雷德·希区柯克 Alfred Hitchcock,1960,美国,悬疑 惊悚 恐怖,9.0,166515,故事的反转与反转，分裂电影的始祖。
189,二十二,Twenty Two/22,郭柯 Ke Guo,2015,中国大陆,纪录片,8.7,214505,有一些东西不应该被遗忘。
190,海边的曼彻斯特,情系海边之城(港),肯尼斯·罗纳根 Kenneth Lonergan,2016,美国,剧情 家庭,8.6,355247,我们都有权利不与自己的过去和解。
191,房间,不存在的房间(台)/抖室(港),伦尼·阿伯拉罕森 Lenny Abrahamson,2015,爱尔兰 加拿大 英国 美国,剧情 家庭,8.8,288300,被偷走的岁月，被伤害的生命，被禁锢的灵魂，终将被希望和善意救赎。
192,恐怖游轮,汪洋血迷宮(台)/轮回三角,克里斯托弗·史密斯 Christopher Smith,2009,英国 澳大利亚,剧情 悬疑 惊悚,8.5,569164,不要企图在重复中寻找已经失去的爱。
193,虎口脱险,横冲直撞出重围(港)/大進擊(台),杰拉尔·乌里 Gérard Oury,1966,法国 英国,喜剧 战争,8.9,170840,永远看不腻的喜剧。
194,魔女宅急便,魔女琪琪(台)/小魔女限时专送,宫崎骏 Hayao Miyazaki,1989,日本,动画 奇幻 冒险,8.6,336900,宫崎骏的电影总让人感觉世界是美好的，阳光明媚的。
195,奇迹男孩,奇迹,斯蒂芬·卓博斯基 Stephen Chbosky,2017,美国 中国香港,剧情 儿童 家庭,8.6,417328,世界不完美，爱会有奇迹。
196,人工智能,AI人工智慧,史蒂文·斯皮尔伯格 Steven Spielberg,2001,美国,剧情 科幻,8.6,317293,对爱的执着，可以超越一切。
197,雨中曲,万花嬉春(港 / 台) ,斯坦利·多南 Stanley Donen / 吉恩·凯利 Gene Kelly,1952,美国,喜剧 歌舞 爱情,9.0,148506,骨灰级歌舞片。
198,疯狂的石头,Crazy Stone,宁浩 Hao Ning,2006,中国大陆 中国香港,喜剧 犯罪,8.5,576333,中国版《两杆大烟枪》。
199,绿里奇迹,绿色奇迹(台)/绿色英里,Frank Darabont,1999,美国,犯罪 剧情 奇幻 悬疑,8.8,199611,天使暂时离开。
200,小偷家族,Shoplifters/Une Affaire de Famille,是枝裕和 Hirokazu Koreeda,2018,日本,剧情 犯罪 家庭,8.7,588879,我们组成了家。
201,爱在午夜降临前,情约半生(港)/爱在午夜希腊时(台),理查德·林克莱特 Richard Linklater,2013,美国 希腊,剧情 爱情,8.8,231357,所谓爱情，就是话唠一路，都不会心生腻烦，彼此嫌弃。
202,罗生门,Rashomon,黑泽明 Akira Kurosawa,1950,日本,剧情 犯罪 悬疑,8.8,220189,人生的N种可能性。
203,终结者2：审判日,终结者2/终结者2：末日审判,詹姆斯·卡梅隆 James Cameron,1991,美国 法国,动作 科幻,8.7,253843,少见的超越首部的续集，动作片中的经典。
204,初恋这件小事,初恋那件小事(港)/暗恋那点小事,普特鹏·普罗萨卡·那·萨克那卡林 Puttipong Promsaka Na Sakolnakorn / 华森·波克彭...,2010,泰国,剧情 喜剧 爱情,8.4,765070,黑小鸭速效美白记。
205,海洋,Oceans/海洋,雅克·贝汉 Jacques Perrin / 雅克·克鲁奥德 Jacques Cluzaud,2009,法国 瑞士 西班牙 美国 阿联酋,纪录片,9.1,130517,大海啊，不全是水。
206,魂断蓝桥,滑铁卢桥/断桥残梦,茂文·勒鲁瓦 Mervyn LeRoy,1940,美国,剧情 爱情 战争,8.8,200707,中国式内在的美国电影。
207,可可西里,Kekexili: Mountain Patrol,陆川 Chuan Lu,2004,中国大陆 中国香港,剧情 犯罪,8.8,210404,坚硬的信仰。
208,燃情岁月,秋日传奇/真爱一世情(台),爱德华·兹威克 Edward Zwick,1994,美国,剧情 爱情 战争 西部,8.8,215381,传奇，不是每个人都可以拥有。
209,2001太空漫游,2001：星际漫游/2001：太空奥德赛,斯坦利·库布里克 Stanley Kubrick,1968,英国 美国,科幻 惊悚 冒险,8.8,201753,现代科幻电影的开山之作，最伟大导演的最伟大影片。
210,穿越时空的少女,跳跃吧！时空少女(台)/Toki o kakeru shôjo,细田守 Mamoru Hosoda,2006,日本,剧情 爱情 科幻 动画,8.6,296431,爱上未来的你。 
211,城市之光,City Lights: A Comedy Romance in Pantomime/Lichter der Großstadt,Charles Chaplin,1931,美国,喜剧 剧情 爱情,9.3,89896,永远的小人物，伟大的卓别林。
212,牯岭街少年杀人事件,A Brighter Summer Day,杨德昌 Edward Yang,1991,中国台湾,剧情 犯罪,8.8,185138,弱者送给弱者的一刀。
213,无耻混蛋,恶棍特工(台)/希魔撞正杀人狂(港),Quentin Tarantino,2009,德国 美国,剧情 犯罪,8.6,353910,昆汀同学越来越变态了，比北野武还杜琪峰。
214,新龙门客栈,New Dragon Gate Inn,李惠民 Raymond Lee,1992,中国香港 中国大陆,动作 爱情 武侠 古装,8.6,319106,嬉笑怒骂，调风动月。
215,完美陌生人,完美谎情(港)/波动的信息分享,保罗·格诺维瑟 Paolo Genovese,2016,意大利,剧情 喜剧,8.5,403687,来啊，互相伤害啊！
216,源代码,启动原始码(台)/危机解密(港),邓肯·琼斯 Duncan Jones,2011,美国 加拿大,科幻 悬疑 惊悚,8.4,606976,邓肯·琼斯继《月球》之后再度奉献出一部精彩绝伦的科幻佳作。
217,阿飞正传,Days of Being Wild,王家卫 Kar Wai Wong,1990,中国香港,犯罪 剧情 爱情,8.5,361093,王家卫是一种风格，张国荣是一个代表。
218,青蛇,Green Snake,徐克 Hark Tsui,1993,中国香港 中国大陆,剧情 爱情 奇幻 古装,8.5,369576,人生如此，浮生如斯。谁人言，花彼岸，此生情长意短。谁都是不懂爱的罢了。
219,色，戒,色|戒/色·戒,李安 Ang Lee,2007,中国台湾 中国大陆 美国 中国香港,剧情 爱情 情色,8.5,486413,假戏真情，爱欲深海
220,香水,香水：一个杀人犯的故事/香水：一个谋杀犯的故事,汤姆·提克威 Tom Tykwer,2006,德国 法国 西班牙 美国,剧情 犯罪 奇幻,8.5,421952,一个单凭体香达到高潮的男人。
221,谍影重重2,叛谍追击2：机密圈套(港)/神鬼认证：神鬼疑云(台),保罗·格林格拉斯 Paul Greengrass,2004,美国 德国,动作 悬疑 惊悚,8.7,261409,谁说王家卫镜头很晃？
222,遗愿清单,玩转身前事(港)/一路玩到挂(台),罗伯·莱纳 Rob Reiner,2007,美国,冒险 喜剧 剧情,8.6,267995,用剩余不多的时间，去燃烧整个生命。
223,血钻,血钻石(台)/血腥钻石,爱德华·兹威克 Edward Zwick,2006,美国 德国,剧情 惊悚 冒险,8.7,255983,每个美丽事物背后都是滴血的现实。
224,地球上的星星,心中的小星星(台)/每一个孩子都是特别的,阿米尔·汗 Aamir Khan,2007,印度,剧情 儿童 家庭,8.9,150790,天使保护事件始末。
225,大佛普拉斯,The Great Buddha+,黄信尧 Hsin-yao Huang,2017,中国台湾,剧情 喜剧 犯罪,8.7,275583,人们可以登上月球，却永远无法探索人们内心的宇宙。
226,战争之王,军火之王(台 / 港) ,安德鲁·尼科尔 Andrew Niccol,2005,美国 法国,剧情 犯罪,8.6,262365,做一颗让别人需要你的棋子。
227,谍影重重,叛谍追击(港)/神鬼认证(台),道格·里曼 Doug Liman,2002,美国 德国 捷克,动作 悬疑 惊悚,8.6,312319,哗啦啦啦啦，天在下雨，哗啦啦啦啦，云在哭泣……找自己。
228,疯狂的麦克斯4：狂暴之路,末日先锋：战甲飞车(港)/疯狂麦斯：愤怒道(台),乔治·米勒 George Miller,2015,澳大利亚 美国,动作 科幻 冒险,8.6,370166,“多么美好的一天！”轰轰轰砰咚，啪哒哒哒轰隆隆，磅~
229,猜火车,迷幻列车(港)/定位的火车,丹尼·博伊尔 Danny Boyle,1996,英国,剧情 犯罪,8.5,339971,不可猜的青春迷笛。 
230,彗星来的那一夜,相干性/相干效应,詹姆斯·沃德·布柯特 James Ward Byrkit,2013,美国 英国,科幻 悬疑 惊悚,8.5,362763,小成本大魅力。
231,步履不停,横山家之味(港 / 台) ,是枝裕和 Hirokazu Koreeda,2008,日本,剧情 家庭,8.8,182373,日本的家庭电影已经是世界巅峰了，步履不停是巅峰中的佳作。
232,朗读者,为爱朗读(台)/读爱(港),史蒂芬·戴德利 Stephen Daldry,2008,美国 德国,剧情 爱情,8.6,371062,当爱情跨越年龄的界限，它似乎能变得更久远一点，成为一种责任，一种水到渠成的相濡以沫。 
233,浪潮,恶魔教室(台)/白恤暴潮(港),丹尼斯·甘塞尔 Dennis Gansel,2008,德国,剧情 惊悚,8.7,204448,世界离独裁只有五天。
234,九品芝麻官,白面包青天/Hail the Judge,王晶 Jing Wong,1994,中国香港,剧情 喜剧 古装,8.5,385566,
235,小萝莉的猴神大叔,娃娃返乡任务(台)/宝莱坞之钢铁奶爸(台),卡比尔·汗 Kabir Khan,2015,印度,剧情 喜剧 动作,8.4,357416,宝莱坞的萝莉与大叔。
236,再次出发之纽约遇见你,再次出发/歌曲改变人生,约翰·卡尼 John Carney,2013,美国,喜剧 爱情 音乐,8.6,305067,爱我就给我看你的播放列表。
237,哈利·波特与火焰杯,哈利波特4：火杯的考验(港 / 台) ,Mike Newell,2005,英国 美国,奇幻 冒险,8.5,353988,
238,东京物语,东京故事/东京纪行,小津安二郎 Yasujirô Ozu,1953,日本,剧情 家庭,9.2,91930,东京那么大，如果有一天走失了，恐怕一辈子不能再相见。
239,驴得水,Mr. Donkey,周申 Shen Zhou / 刘露 Lu Liu,2016,中国大陆,剧情 喜剧,8.3,665610,过去的如果就让它过去了，未来只会越来越糟！
240,聚焦,焦点追击(港)/惊爆焦点(台),托马斯·麦卡锡 Thomas McCarthy,2015,美国,剧情 传记,8.8,209786,新闻人的理性求真。
241,追随,跟踪(台)/致命追踪,克里斯托弗·诺兰 Christopher Nolan,1998,英国,犯罪 悬疑 惊悚,8.9,132698,诺兰的牛逼来源于内心散发出的恐惧。
242,千钧一发,变种异煞(港)/自然人,安德鲁·尼科尔 Andrew Niccol,1997,美国,剧情 科幻 惊悚,8.8,175632,一部能引人思考的科幻励志片。
243,一次别离,分居风暴(台)/伊朗式分居(港),阿斯哈·法哈蒂  Asghar Farhadi,2011,伊朗 法国,剧情 家庭,8.7,197098,只有有信仰的人才能说出事实真相。
244,波西米亚狂想曲,波希米亚狂想曲：摇滚传说(港)/波希米亚狂想曲(台),布莱恩·辛格 Bryan Singer,2018,英国 美国,剧情 传记 同性 音乐,8.7,411098,
245,我爱你,爱你/爱，是一生相伴(台),秋昌民 Chang-min Choo,2011,韩国,剧情 爱情,9.0,110989,你要相信，这世上真的有爱存在，不管在什么年纪 
246,黑鹰坠落,黑鹰15小时(港)/黑鹰计划(台),雷德利·斯科特 Ridley Scott,2001,美国,动作 历史 战争,8.7,210746,还原真实而残酷的战争。
247,网络谜踪,人肉搜寻(港)/人肉搜索(台),阿尼什·查甘蒂 Aneesh Chaganty,2018,美国 俄罗斯,剧情 犯罪 悬疑 惊悚,8.6,383773,
248,四个春天,Four Springs,陆庆屹 Lu Qing Yi,2017,中国大陆,纪录片 家庭,8.9,119193,来也匆匆去也匆匆，就这样风雨兼程。
249,发条橙,发条桔子/发条橙子,Stanley Kubrick,1971,英国 美国,犯罪 剧情 科幻,8.6,281460,我完全康复了。
250,E.T. 外星人,外星人E.T./外星人,史蒂文·斯皮尔伯格 Steven Spielberg,1982,美国,剧情 科幻,8.6,260746,生病的E.T.皮肤的颜色就像柿子饼。
